id,first_name,last_name,gender,email,phone
5001,Tommie,Goody,Male,tgoody0@weather.com,809-992-7298
5002,Obadiah,Godfery,Male,ogodfery1@a8.net,560-745-9361
5003,Hewe,Andriulis,Male,handriulis2@auda.org.au,637-129-6073
5004,Nicola,Schaffel,Female,nschaffel3@umn.edu,936-816-9031
5005,Linnet,Fellgate,Female,lfellgate4@ameblo.jp,837-475-7739
5006,Jeannine,Espinola,Female,jespinola5@slideshare.net,549-439-3223
5007,Ferdie,Arlet,Male,farlet6@craigslist.org,144-434-8144
5008,Deb,Risebarer,Female,drisebarer7@hostgator.com,646-626-7781
5009,Randell,Girt,Male,rgirt8@facebook.com,290-785-0219
5010,Ree,Totman,Female,rtotman9@paginegialle.it,419-943-4400
5011,Christean,Torrans,Female,ctorransa@phpbb.com,746-940-0040
5012,Suzanna,Bourke,Female,sbourkeb@github.com,240-515-9183
5013,Steve,Nehlsen,Male,snehlsenc@xinhuanet.com,545-521-1909
5014,Kaile,Antonelli,Female,kantonellid@weibo.com,447-609-0560
5015,Stu,Aizikov,Male,saizikove@vinaora.com,336-657-2027
5016,Karlene,felip,Female,kfelipf@umich.edu,534-502-1339
5017,Mychal,Mellsop,Male,mmellsopg@hhs.gov,189-732-1229
5018,Emera,Wybrew,Female,ewybrewh@ask.com,211-224-3475
5019,Farah,Bernardo,Female,fbernardoi@goodreads.com,835-107-7540
5020,Lyndell,Swinfon,Female,lswinfonj@usnews.com,374-302-3174
5021,Bern,China,Male,bchinak@seattletimes.com,708-117-4249
5022,Darn,Balden,Male,dbaldenl@nydailynews.com,683-287-2503
5023,Midge,Belton,Female,mbeltonm@merriam-webster.com,329-788-7529
5024,Roth,Mollen,Male,rmollenn@bandcamp.com,310-924-5335
5025,Port,Giurio,Male,pgiurioo@foxnews.com,936-533-1868
5026,Ambros,Reuter,Male,areuterp@guardian.co.uk,951-979-8732
5027,Alverta,Brockhurst,Female,abrockhurstq@devhub.com,507-127-0423
5028,Retha,Henriet,Non-binary,rhenrietr@washington.edu,307-253-4984
5029,Durward,Haken,Male,dhakens@seesaa.net,284-987-6149
5030,Elsa,Forestel,Non-binary,eforestelt@narod.ru,275-240-6652
5031,Reinaldo,Gretton,Male,rgrettonu@about.me,929-420-4654
5032,Hy,Letten,Male,hlettenv@naver.com,106-459-2053
5033,Ardith,Tibbles,Female,atibblesw@hc360.com,131-959-8267
5034,Rickie,Trundell,Male,rtrundellx@simplemachines.org,410-954-4692
5035,Georges,Luthwood,Male,gluthwoody@wired.com,681-466-3674
5036,Dasie,Peever,Polygender,dpeeverz@yellowbook.com,804-468-5501
5037,Joel,Rand,Male,jrand10@nhs.uk,645-721-6406
5038,Lorine,Rozec,Bigender,lrozec11@cloudflare.com,191-832-2342
5039,Linda,Hellard,Genderfluid,lhellard12@upenn.edu,174-590-0857
5040,Haskell,Vasyutochkin,Male,hvasyutochkin13@baidu.com,320-231-4248
5041,Ann,Klaaassen,Bigender,aklaaassen14@wsj.com,278-198-8970
5042,Evania,McMechan,Female,emcmechan15@sciencedirect.com,590-837-4483
5043,Wendi,Bumfrey,Female,wbumfrey16@ameblo.jp,233-859-4684
5044,Lurette,Dillamore,Female,ldillamore17@oaic.gov.au,316-239-3555
5045,Dud,Rustadge,Male,drustadge18@xing.com,569-364-9027
5046,Concettina,Stather,Female,cstather19@unc.edu,660-728-5758
5047,Blakelee,Barson,Female,bbarson1a@google.cn,346-856-0224
5048,Winnie,Woodall,Male,wwoodall1b@live.com,879-475-8053
5049,Rutter,Fulford,Male,rfulford1c@google.de,534-569-1873
5050,Leah,Veryan,Female,lveryan1d@cpanel.net,811-638-1115
5051,Illa,Asplin,Female,iasplin1e@bloomberg.com,996-929-0517
5052,Erv,Dimmack,Male,edimmack1f@webmd.com,203-723-3224
5053,Garfield,Sweeting,Male,gsweeting1g@ezinearticles.com,819-576-8788
5054,Joyann,Ridehalgh,Female,jridehalgh1h@senate.gov,305-524-6635
5055,Emilie,Yearn,Female,eyearn1i@techcrunch.com,412-602-0556
5056,Elden,Garrick,Male,egarrick1j@nasa.gov,626-376-4276
5057,Giff,Millberg,Male,gmillberg1k@cpanel.net,696-559-2020
5058,Kara,Ritson,Polygender,kritson1l@amazon.de,996-366-3500
5059,Emlen,Menier,Male,emenier1m@slideshare.net,816-116-8759
5060,Martica,Yurkevich,Female,myurkevich1n@1und1.de,602-521-3392
5061,Donielle,Spinetti,Female,dspinetti1o@vimeo.com,608-779-0863
5062,Major,Carlaw,Male,mcarlaw1p@eepurl.com,762-956-1732
5063,Ivy,Cordelet,Female,icordelet1q@reddit.com,837-768-4718
5064,Marcel,Renon,Male,mrenon1r@opera.com,419-557-9127
5065,Chip,Jeafferson,Male,cjeafferson1s@europa.eu,829-748-2594
5066,Holly,Loges,Female,hloges1t@va.gov,381-275-0793
5067,Valentino,Thurbon,Male,vthurbon1u@mysql.com,152-737-4135
5068,Patin,Guitonneau,Male,pguitonneau1v@europa.eu,688-378-0529
5069,Carita,Jobbins,Female,cjobbins1w@delicious.com,905-266-3279
5070,Starla,Haysham,Female,shaysham1x@wordpress.org,623-666-9115
5071,Ramsey,Dohmer,Male,rdohmer1y@seattletimes.com,407-808-1713
5072,Alma,Boggish,Female,aboggish1z@economist.com,336-934-2309
5073,Eldredge,Carrel,Male,ecarrel20@mapquest.com,219-867-1584
5074,Merrill,Grzegorek,Polygender,mgrzegorek21@technorati.com,387-900-0104
5075,Alix,Dobeson,Male,adobeson22@oakley.com,904-691-9472
5076,Carmencita,Tuer,Female,ctuer23@accuweather.com,297-966-0660
5077,Parsifal,Heining,Male,pheining24@economist.com,795-266-3216
5078,Thom,Andrysek,Male,tandrysek25@google.pl,562-339-4072
5079,Janie,Rogger,Female,jrogger26@homestead.com,568-513-6224
5080,Sumner,Throughton,Male,sthroughton27@rakuten.co.jp,770-991-7165
5081,Maurice,Wagge,Male,mwagge28@forbes.com,461-488-1202
5082,Dora,Tennock,Female,dtennock29@so-net.ne.jp,410-988-1028
5083,Hilliard,Exroll,Male,hexroll2a@mapquest.com,160-834-8433
5084,Roderic,Sawtell,Male,rsawtell2b@google.ca,144-620-7578
5085,Dorrie,Bleackly,Female,dbleackly2c@wisc.edu,463-475-3824
5086,Bernete,Emmet,Female,bemmet2d@ustream.tv,941-196-0514
5087,Brady,Fray,Male,bfray2e@soundcloud.com,638-628-2310
5088,Dona,Paton,Female,dpaton2f@cnet.com,353-382-6579
5089,Baird,Curtain,Polygender,bcurtain2g@free.fr,341-807-7755
5090,Lonna,Pinkney,Female,lpinkney2h@indiatimes.com,356-932-4041
5091,Jo,Allum,Male,jallum2i@ustream.tv,462-454-0603
5092,Samson,Benny,Male,sbenny2j@who.int,931-467-0791
5093,Mureil,Izat,Female,mizat2k@cmu.edu,168-666-0120
5094,Flem,Clausen,Male,fclausen2l@bluehost.com,582-521-4749
5095,Amery,Eyers,Male,aeyers2m@ustream.tv,557-199-0868
5096,Sondra,Langstone,Female,slangstone2n@sciencedirect.com,928-457-4137
5097,Nona,Franseco,Female,nfranseco2o@geocities.jp,420-546-9832
5098,Ara,Layburn,Male,alayburn2p@wikispaces.com,232-200-4664
5099,Domenico,Armstrong,Male,darmstrong2q@photobucket.com,136-248-4329
5100,Hewe,Walaron,Male,hwalaron2r@vimeo.com,487-670-7860
5101,Duky,Kniveton,Male,dkniveton2s@naver.com,205-997-3217
5102,Gram,Wilsone,Male,gwilsone2t@hc360.com,409-746-9200
5103,Helen-elizabeth,Flancinbaum,Female,hflancinbaum2u@seesaa.net,922-707-7013
5104,Van,Miebes,Male,vmiebes2v@wikia.com,286-611-2087
5105,Nolana,Norquay,Agender,nnorquay2w@surveymonkey.com,614-985-7839
5106,Jeromy,Hynd,Male,jhynd2x@google.cn,775-819-5604
5107,June,Binley,Female,jbinley2y@oakley.com,758-354-5532
5108,Sheelah,Loos,Female,sloos2z@usnews.com,895-983-9667
5109,Dov,Di Roberto,Male,ddiroberto30@ow.ly,348-708-0088
5110,Audre,Boyett,Female,aboyett31@weather.com,842-122-7239
5111,Lorelei,Warrington,Genderfluid,lwarrington32@last.fm,133-287-3998
5112,Zonda,Woltman,Female,zwoltman33@spotify.com,848-384-6843
5113,Sigismondo,Chilles,Non-binary,schilles34@japanpost.jp,141-224-3018
5114,Erminia,Kubiak,Female,ekubiak35@goo.ne.jp,599-469-9105
5115,Druci,Glenn,Non-binary,dglenn36@bing.com,702-911-5493
5116,Jeromy,Gewer,Male,jgewer37@blinklist.com,791-293-4175
5117,Edin,O'Fihillie,Female,eofihillie38@example.com,280-553-7008
5118,Garey,MacCorkell,Male,gmaccorkell39@wix.com,988-235-4683
5119,Maribeth,Bulleyn,Female,mbulleyn3a@cam.ac.uk,152-212-5356
5120,Rianon,Mariolle,Female,rmariolle3b@etsy.com,365-538-7361
5121,Roldan,Ransfield,Male,rransfield3c@pagesperso-orange.fr,517-384-1355
5122,Tedman,Leneham,Male,tleneham3d@nbcnews.com,563-178-5740
5123,Marlo,Haggis,Female,mhaggis3e@vinaora.com,503-184-5250
5124,Job,Pally,Male,jpally3f@google.com.hk,684-951-3712
5125,Tina,Laugherane,Female,tlaugherane3g@cloudflare.com,978-787-9682
5126,Rose,Meads,Female,rmeads3h@google.ca,237-704-8250
5127,Trent,Nellies,Male,tnellies3i@marketwatch.com,871-146-8323
5128,Lanie,Mawer,Male,lmawer3j@about.me,605-259-0533
5129,Kay,Carbery,Female,kcarbery3k@who.int,721-192-7228
5130,Agosto,Penzer,Genderqueer,apenzer3l@forbes.com,829-159-5451
5131,Morgan,Mitton,Male,mmitton3m@joomla.org,952-318-1528
5132,Merrick,Minchenton,Male,mminchenton3n@clickbank.net,655-995-5365
5133,Genny,Tombling,Female,gtombling3o@accuweather.com,873-265-1283
5134,Pinchas,Titterrell,Male,ptitterrell3p@google.co.uk,627-408-1450
5135,Randie,Sandell,Male,rsandell3q@wikispaces.com,266-258-4852
5136,Sutherlan,Arrighetti,Male,sarrighetti3r@bandcamp.com,796-977-8007
5137,Manfred,Tilzey,Male,mtilzey3s@netscape.com,477-294-9078
5138,Norby,Wason,Male,nwason3t@example.com,469-867-7879
5139,Sonny,Passo,Male,spasso3u@ebay.co.uk,547-853-1120
5140,Lorry,Patey,Male,lpatey3v@answers.com,984-629-1399
5141,Hasty,O'Sheils,Male,hosheils3w@purevolume.com,253-878-6175
5142,Jorgan,Code,Male,jcode3x@csmonitor.com,576-542-6943
5143,Giovanna,Trudgian,Female,gtrudgian3y@sphinn.com,904-939-8410
5144,Phaidra,Sappell,Female,psappell3z@nydailynews.com,718-941-5675
5145,Gratia,Riccetti,Female,griccetti40@aboutads.info,699-688-4565
5146,Romeo,Maddaford,Male,rmaddaford41@unc.edu,870-880-1960
5147,Jerrylee,Bouda,Female,jbouda42@princeton.edu,124-565-3256
5148,Bunnie,Cajkler,Female,bcajkler43@redcross.org,118-525-8362
5149,Cally,Sheldon,Female,csheldon44@vimeo.com,947-671-7677
5150,Emiline,Hansley,Female,ehansley45@wordpress.com,615-457-7372
5151,Angelle,Farryann,Agender,afarryann46@apple.com,296-398-7808
5152,Thibaud,Defraine,Male,tdefraine47@virginia.edu,937-704-6563
5153,Catherin,Sawood,Female,csawood48@goo.gl,972-801-1394
5154,Antonietta,Mc Harg,Non-binary,amcharg49@youku.com,830-734-1414
5155,Ike,Saunter,Male,isaunter4a@twitter.com,130-780-1388
5156,Wes,Ricold,Male,wricold4b@latimes.com,498-695-1786
5157,Rahal,Orridge,Female,rorridge4c@nasa.gov,909-192-5199
5158,Mal,Scates,Male,mscates4d@thetimes.co.uk,736-577-0913
5159,Alica,Chapell,Female,achapell4e@usnews.com,528-680-1122
5160,Connie,Kennedy,Male,ckennedy4f@utexas.edu,482-868-7511
5161,Hildegarde,Beadham,Female,hbeadham4g@fc2.com,568-288-2562
5162,Libby,Kaas,Agender,lkaas4h@list-manage.com,230-591-9480
5163,Westbrooke,Cadman,Male,wcadman4i@oakley.com,228-464-4709
5164,Shalne,Boulstridge,Female,sboulstridge4j@networksolutions.com,608-298-0834
5165,Beulah,Fransewich,Female,bfransewich4k@tripod.com,854-878-9415
5166,Otis,Cossell,Male,ocossell4l@newyorker.com,280-217-9290
5167,Giraldo,Moresby,Genderqueer,gmoresby4m@furl.net,983-650-6804
5168,Didi,Parrott,Female,dparrott4n@europa.eu,617-673-7997
5169,Nelson,Gager,Male,ngager4o@washington.edu,498-990-1149
5170,Izzy,Zarfati,Male,izarfati4p@sitemeter.com,987-792-3744
5171,Carroll,Rosenau,Male,crosenau4q@addtoany.com,169-329-1261
5172,Yevette,Okenden,Female,yokenden4r@delicious.com,411-802-2491
5173,Penn,Lyes,Male,plyes4s@vk.com,767-621-7700
5174,Hyacintha,Galland,Female,hgalland4t@nhs.uk,913-262-6510
5175,Alessandra,Lapre,Agender,alapre4u@infoseek.co.jp,849-918-0044
5176,Nomi,Colclough,Female,ncolclough4v@ucsd.edu,527-391-0838
5177,Julian,Wadlow,Male,jwadlow4w@usgs.gov,445-824-2111
5178,Britte,Daborne,Female,bdaborne4x@blogs.com,832-569-7468
5179,Harmony,Cruft,Female,hcruft4y@amazon.co.uk,815-532-1994
5180,Debera,Longland,Female,dlongland4z@over-blog.com,282-307-3342
5181,Phillie,Foy,Female,pfoy50@independent.co.uk,133-668-7858
5182,Monica,McMurthy,Female,mmcmurthy51@dailymotion.com,107-897-7654
5183,Kinny,Pettersen,Male,kpettersen52@who.int,395-439-8382
5184,Ashlan,Schuh,Female,aschuh53@mediafire.com,825-912-2118
5185,Arley,Sillitoe,Male,asillitoe54@51.la,824-141-7638
5186,Anallise,Hamberston,Female,ahamberston55@hhs.gov,648-100-6284
5187,Herrick,Cattel,Male,hcattel56@hatena.ne.jp,324-128-8083
5188,Franz,Toffoletto,Male,ftoffoletto57@loc.gov,959-914-0090
5189,Stanfield,Corness,Male,scorness58@printfriendly.com,123-773-4507
5190,Cody,Haken,Male,chaken59@comcast.net,795-199-4722
5191,Prue,Gymlett,Bigender,pgymlett5a@wikimedia.org,443-325-4143
5192,Wyndham,Iorizzo,Male,wiorizzo5b@stumbleupon.com,859-637-8551
5193,Maria,Skellorne,Female,mskellorne5c@elpais.com,363-702-7181
5194,Raquel,Kingh,Polygender,rkingh5d@kickstarter.com,577-828-9763
5195,Rozele,Bewshire,Female,rbewshire5e@cbc.ca,108-298-2652
5196,Flor,Pren,Female,fpren5f@drupal.org,505-869-6841
5197,Park,von Nassau,Male,pvonnassau5g@fotki.com,951-522-9314
5198,Lisbeth,Frugier,Female,lfrugier5h@foxnews.com,961-838-3554
5199,Shurlock,Blackaby,Male,sblackaby5i@amazonaws.com,120-353-5059
5200,Lisetta,Ryall,Female,lryall5j@cnbc.com,646-917-4880
5201,Gaylord,Burden,Male,gburden5k@mac.com,761-895-6906
5202,Lonni,Niccols,Female,lniccols5l@acquirethisname.com,429-534-8814
5203,Adele,Hauxley,Female,ahauxley5m@adobe.com,205-648-4908
5204,Dante,Garlinge,Male,dgarlinge5n@slashdot.org,371-291-9679
5205,Dorolice,Karoly,Female,dkaroly5o@jalbum.net,254-907-9037
5206,Neilla,Nichols,Female,nnichols5p@blinklist.com,691-783-8158
5207,Dave,Isenor,Male,disenor5q@comsenz.com,366-581-6473
5208,Alonzo,Bernier,Male,abernier5r@webs.com,757-829-1594
5209,Walsh,Comar,Male,wcomar5s@nifty.com,355-598-0509
5210,Vidovik,Simester,Male,vsimester5t@sogou.com,997-692-5115
5211,Lesley,Lodewick,Bigender,llodewick5u@examiner.com,700-551-3759
5212,Artemus,Anchor,Male,aanchor5v@photobucket.com,750-533-9413
5213,Dominick,Petford,Male,dpetford5w@google.ca,439-651-6929
5214,Reagan,Bonick,Male,rbonick5x@umn.edu,212-644-1502
5215,Kata,MacCrackan,Female,kmaccrackan5y@unesco.org,508-631-7164
5216,Ephrayim,Spridgeon,Male,espridgeon5z@earthlink.net,324-285-2783
5217,Teddy,Cattini,Female,tcattini60@skype.com,315-277-3676
5218,Elvina,Yanin,Female,eyanin61@goo.gl,663-229-3634
5219,Nickolas,Whelan,Polygender,nwhelan62@irs.gov,700-135-2172
5220,Lisbeth,Matuszak,Bigender,lmatuszak63@bloglines.com,908-554-9802
5221,Merrick,McAlpine,Genderqueer,mmcalpine64@ow.ly,591-300-2337
5222,Christie,Sprull,Male,csprull65@lycos.com,212-498-4788
5223,Carly,Farny,Female,cfarny66@dyndns.org,297-365-9326
5224,Blithe,Gippes,Female,bgippes67@discuz.net,425-151-7157
5225,Kelley,Gullane,Male,kgullane68@a8.net,615-471-3067
5226,Kelwin,Ciobotaru,Male,kciobotaru69@sfgate.com,521-348-3957
5227,Aleksandr,Hablot,Male,ahablot6a@statcounter.com,444-962-9069
5228,Joshua,Carnell,Male,jcarnell6b@comcast.net,573-351-9316
5229,Jeniece,Sumers,Female,jsumers6c@goo.gl,289-944-2587
5230,Christy,Ivery,Female,civery6d@shutterfly.com,967-805-0014
5231,Claudina,Prosh,Female,cprosh6e@auda.org.au,754-107-6412
5232,Jeanette,Reucastle,Female,jreucastle6f@networksolutions.com,158-792-5524
5233,Zerk,Beel,Male,zbeel6g@twitter.com,362-583-2393
5234,Catina,Surman-Wells,Female,csurmanwells6h@eepurl.com,875-714-0816
5235,Lombard,D'Ambrogio,Male,ldambrogio6i@angelfire.com,680-165-2296
5236,Heather,Spondley,Female,hspondley6j@answers.com,542-902-5615
5237,Morrie,Dundridge,Male,mdundridge6k@shinystat.com,420-594-4783
5238,Alix,Shimman,Male,ashimman6l@facebook.com,716-404-8209
5239,Rodolphe,Hasley,Male,rhasley6m@alexa.com,685-106-4922
5240,Calhoun,Flemmich,Male,cflemmich6n@illinois.edu,206-603-9575
5241,Kenn,Wilcocks,Male,kwilcocks6o@ucoz.ru,700-920-1737
5242,Marcelle,Ander,Female,mander6p@edublogs.org,789-620-1706
5243,Catrina,Clohissy,Female,cclohissy6q@mediafire.com,481-641-2449
5244,Edeline,Rooksby,Female,erooksby6r@hostgator.com,371-958-4581
5245,Hilary,Puttick,Female,hputtick6s@ycombinator.com,621-708-9072
5246,Mickie,Peatheyjohns,Non-binary,mpeatheyjohns6t@sphinn.com,571-968-4896
5247,Cherilyn,Ciabatteri,Female,cciabatteri6u@google.nl,522-286-3875
5248,Tobiah,Slaughter,Male,tslaughter6v@delicious.com,246-449-0270
5249,Patricio,Stainton,Male,pstainton6w@theatlantic.com,937-497-5607
5250,Griffy,Mustard,Male,gmustard6x@bbc.co.uk,623-686-7895
5251,Gaby,Deme,Agender,gdeme6y@ihg.com,210-652-7739
5252,Sal,Mayer,Male,smayer6z@unicef.org,896-605-7674
5253,Hal,Lambis,Male,hlambis70@topsy.com,388-902-3805
5254,Raimund,Hitschke,Male,rhitschke71@miitbeian.gov.cn,838-854-6096
5255,Garold,Slate,Male,gslate72@instagram.com,674-140-5269
5256,Zsa zsa,Lipyeat,Female,zlipyeat73@deviantart.com,344-139-8952
5257,Aila,Bottomer,Female,abottomer74@foxnews.com,923-752-8830
5258,Kissiah,Winston,Female,kwinston75@businessweek.com,644-770-5541
5259,Jermaine,Moulden,Female,jmoulden76@china.com.cn,393-108-8803
5260,Sky,Keary,Male,skeary77@smh.com.au,877-132-9130
5261,Nikita,Huygens,Male,nhuygens78@addthis.com,919-836-7230
5262,Kandace,Tyas,Female,ktyas79@creativecommons.org,949-552-5893
5263,Hale,Wharby,Male,hwharby7a@jalbum.net,536-983-6399
5264,Frankie,Binyon,Male,fbinyon7b@jigsy.com,625-753-6001
5265,Allan,Persent,Male,apersent7c@columbia.edu,711-378-6962
5266,Martie,Dict,Male,mdict7d@biblegateway.com,674-856-7638
5267,Christoforo,Eck,Male,ceck7e@umn.edu,143-878-1604
5268,Virgina,Burnside,Female,vburnside7f@epa.gov,170-887-1302
5269,Wolfie,Dodshun,Male,wdodshun7g@amazon.co.jp,255-739-7949
5270,Winne,Ditter,Female,wditter7h@nationalgeographic.com,400-519-3360
5271,Brigham,Bayns,Male,bbayns7i@blogspot.com,188-714-7546
5272,Annmarie,Schuck,Genderfluid,aschuck7j@unesco.org,708-582-1917
5273,Andrej,Menzies,Male,amenzies7k@nydailynews.com,737-645-6640
5274,Jania,Kelleher,Female,jkelleher7l@mac.com,482-360-5705
5275,Adham,Logue,Male,alogue7m@ow.ly,923-275-9170
5276,Rivalee,Bigg,Female,rbigg7n@apache.org,806-379-7878
5277,Eimile,MacCallam,Female,emaccallam7o@ebay.co.uk,373-164-2258
5278,Doralin,Oloshin,Bigender,doloshin7p@google.nl,917-334-4458
5279,Tessy,Devil,Female,tdevil7q@umich.edu,206-668-8573
5280,Laraine,Freeberne,Female,lfreeberne7r@sourceforge.net,101-328-6017
5281,Raimondo,Howsley,Male,rhowsley7s@amazon.co.jp,245-489-1926
5282,Alisa,Birds,Female,abirds7t@usnews.com,166-584-3663
5283,Brit,Hazelgreave,Female,bhazelgreave7u@alexa.com,640-317-6913
5284,Robinet,McDade,Male,rmcdade7v@ftc.gov,696-889-1830
5285,Rinaldo,Trewman,Male,rtrewman7w@netvibes.com,555-685-0819
5286,Lyman,Wittke,Male,lwittke7x@instagram.com,116-191-2000
5287,Norry,Mees,Male,nmees7y@nature.com,636-312-6050
5288,Gabriella,Close,Female,gclose7z@dedecms.com,499-849-0065
5289,Rosie,Keesman,Female,rkeesman80@photobucket.com,421-759-7086
5290,Bonni,Gillimgham,Female,bgillimgham81@microsoft.com,880-221-8961
5291,Dosi,Macieiczyk,Female,dmacieiczyk82@google.it,675-841-8145
5292,Jacinthe,Gabbott,Female,jgabbott83@alibaba.com,431-574-3982
5293,Rosalinde,Ridout,Female,rridout84@dagondesign.com,513-808-0849
5294,Lizbeth,Climer,Female,lclimer85@adobe.com,625-306-8153
5295,Wheeler,Stalley,Male,wstalley86@ocn.ne.jp,429-711-2771
5296,Melloney,Heintze,Female,mheintze87@kickstarter.com,244-340-1721
5297,Sula,Ollivierre,Female,sollivierre88@desdev.cn,133-775-7019
5298,Colver,MacSweeney,Male,cmacsweeney89@homestead.com,578-755-3071
5299,Torrey,Aizikovitz,Male,taizikovitz8a@earthlink.net,852-269-6688
5300,Barny,Beminster,Male,bbeminster8b@barnesandnoble.com,452-281-6856
5301,Colby,Sadd,Male,csadd8c@multiply.com,755-102-8132
5302,Pernell,Westnedge,Male,pwestnedge8d@deliciousdays.com,456-171-7135
5303,Gonzales,Kalinsky,Male,gkalinsky8e@baidu.com,763-627-7087
5304,Benni,Dowsey,Female,bdowsey8f@eepurl.com,763-367-4713
5305,Laura,Drysdall,Female,ldrysdall8g@usnews.com,822-605-6108
5306,Drew,Flatte,Male,dflatte8h@google.com.au,393-555-2341
5307,Lea,Gledhall,Female,lgledhall8i@seattletimes.com,155-899-3411
5308,Lorie,Evesque,Female,levesque8j@senate.gov,135-151-5391
5309,Daven,Lux,Male,dlux8k@princeton.edu,174-977-3558
5310,Ruperta,Flecknoe,Female,rflecknoe8l@xing.com,593-193-3872
5311,Stuart,Alpine,Male,salpine8m@jimdo.com,278-841-8855
5312,Helge,Menere,Female,hmenere8n@usda.gov,544-847-8082
5313,Minna,Lewtey,Female,mlewtey8o@domainmarket.com,539-841-7266
5314,Rebecka,Fishburn,Female,rfishburn8p@booking.com,750-954-7821
5315,Leisha,Mapplebeck,Female,lmapplebeck8q@addtoany.com,693-811-9800
5316,Berny,Staples,Bigender,bstaples8r@cbsnews.com,594-873-7250
5317,Robinia,Worley,Female,rworley8s@yelp.com,117-579-8635
5318,Fonz,Eagling,Male,feagling8t@mapy.cz,508-912-5167
5319,Concettina,Aggio,Female,caggio8u@marriott.com,879-619-2110
5320,Irena,Grey,Female,igrey8v@webnode.com,409-178-1347
5321,Abbey,Mallard,Bigender,amallard8w@theatlantic.com,497-515-0137
5322,Sumner,Vokes,Male,svokes8x@ibm.com,568-737-9845
5323,Phebe,Endrizzi,Polygender,pendrizzi8y@utexas.edu,860-682-1731
5324,Grenville,Barrie,Male,gbarrie8z@princeton.edu,823-141-4792
5325,Clemmy,Vennings,Male,cvennings90@wikia.com,694-562-4174
5326,Issie,Johnstone,Female,ijohnstone91@huffingtonpost.com,263-518-2860
5327,Nina,Leggett,Female,nleggett92@chicagotribune.com,708-336-7847
5328,Annis,Sangra,Female,asangra93@wikimedia.org,386-502-6895
5329,Giuseppe,Dane,Genderfluid,gdane94@posterous.com,918-941-2601
5330,Park,Dachey,Male,pdachey95@cnn.com,841-996-8506
5331,Northrup,Butting,Male,nbutting96@wsj.com,571-280-4401
5332,Francis,Dadswell,Male,fdadswell97@list-manage.com,117-559-7428
5333,Delilah,Delnevo,Female,ddelnevo98@barnesandnoble.com,262-559-7087
5334,Daniel,Spier,Male,dspier99@shareasale.com,606-193-3241
5335,Kerianne,Harbage,Female,kharbage9a@liveinternet.ru,617-977-5286
5336,Vladamir,Le Pine,Male,vlepine9b@nsw.gov.au,620-133-6472
5337,Denny,Gooderson,Male,dgooderson9c@hao123.com,557-755-2626
5338,Rorke,Polley,Male,rpolley9d@rakuten.co.jp,853-733-1669
5339,Rhoda,Dymond,Female,rdymond9e@simplemachines.org,302-621-8466
5340,Mommy,Roumier,Female,mroumier9f@hibu.com,230-515-3177
5341,Karlens,Loidl,Non-binary,kloidl9g@nasa.gov,974-215-0019
5342,Lionel,Finby,Male,lfinby9h@fc2.com,419-657-9810
5343,Nil,Pelz,Male,npelz9i@angelfire.com,187-178-3592
5344,Mac,Mogridge,Male,mmogridge9j@imageshack.us,186-214-6748
5345,Franklyn,McDermid,Male,fmcdermid9k@nifty.com,385-251-2448
5346,Leonhard,Patching,Male,lpatching9l@stanford.edu,904-170-8923
5347,Darnall,Burdett,Male,dburdett9m@dailymail.co.uk,242-911-0838
5348,Emmy,Buckthorp,Female,ebuckthorp9n@nymag.com,254-992-0681
5349,Chev,Bert,Male,cbert9o@geocities.com,647-643-1637
5350,Avrom,Vautier,Male,avautier9p@csmonitor.com,541-251-3478
5351,Katti,Reicharz,Female,kreicharz9q@webeden.co.uk,999-166-3232
5352,Harper,Orkney,Male,horkney9r@pagesperso-orange.fr,501-805-3883
5353,Nataline,Crowd,Female,ncrowd9s@odnoklassniki.ru,551-857-4854
5354,Bambie,Halkyard,Female,bhalkyard9t@statcounter.com,338-773-6845
5355,Taddeo,Stodd,Male,tstodd9u@army.mil,647-525-9173
5356,Kayley,Bohling,Female,kbohling9v@angelfire.com,425-855-0359
5357,Magnum,Marrow,Male,mmarrow9w@yale.edu,580-476-7607
5358,Fern,Nockells,Agender,fnockells9x@istockphoto.com,499-588-0199
5359,Melodee,Canacott,Female,mcanacott9y@blinklist.com,860-141-3677
5360,Sollie,Persicke,Male,spersicke9z@amazon.co.uk,270-190-3493
5361,Consuelo,Pitchers,Female,cpitchersa0@archive.org,722-917-7407
5362,Marabel,Selvey,Female,mselveya1@redcross.org,489-694-1982
5363,Teodor,Gladdolph,Male,tgladdolpha2@etsy.com,162-511-4877
5364,Lizbeth,Tanti,Female,ltantia3@howstuffworks.com,547-873-7263
5365,Graham,Kirkup,Male,gkirkupa4@sitemeter.com,122-591-9669
5366,Lacee,Gyves,Agender,lgyvesa5@goo.gl,338-213-4235
5367,Roma,Scoon,Genderqueer,rscoona6@ow.ly,731-667-6186
5368,Frannie,Antrack,Female,fantracka7@imageshack.us,211-255-2896
5369,Sunshine,ducarme,Female,sducarmea8@wisc.edu,588-187-6390
5370,Carey,Triplow,Female,ctriplowa9@bravesites.com,461-335-2898
5371,Barri,Lebreton,Agender,blebretonaa@weibo.com,895-368-1551
5372,Rochette,Janisson,Female,rjanissonab@skyrock.com,370-463-7629
5373,Colette,Jirka,Female,cjirkaac@plala.or.jp,904-928-4498
5374,Karoly,Heatly,Agender,kheatlyad@china.com.cn,926-310-8120
5375,Letitia,Raithmill,Female,lraithmillae@cloudflare.com,921-766-7327
5376,Erda,Sherer,Female,eshereraf@symantec.com,647-232-0767
5377,Wernher,Leidecker,Polygender,wleideckerag@wisc.edu,390-483-0275
5378,Odette,Noye,Female,onoyeah@1688.com,817-626-6797
5379,Chaddie,Broughton,Male,cbroughtonai@ehow.com,498-902-6937
5380,Aylmar,Bennington,Male,abenningtonaj@posterous.com,863-461-9700
5381,Jilly,Wheal,Female,jwhealak@devhub.com,380-889-4794
5382,Dru,Koppeck,Male,dkoppeckal@diigo.com,997-873-1049
5383,Mata,Panting,Bigender,mpantingam@simplemachines.org,332-407-3775
5384,Catha,Gepp,Female,cgeppan@ycombinator.com,580-900-1606
5385,Tyler,Tabbernor,Male,ttabbernorao@whitehouse.gov,518-367-7641
5386,Fraze,Scriven,Male,fscrivenap@latimes.com,944-724-0682
5387,Darnall,Tebboth,Male,dtebbothaq@skype.com,342-171-4808
5388,Jacenta,Dignum,Female,jdignumar@delicious.com,853-923-5185
5389,Emlen,Tokley,Bigender,etokleyas@typepad.com,421-515-7224
5390,Federico,Balazin,Male,fbalazinat@gravatar.com,779-214-4467
5391,Devon,Tebbutt,Agender,dtebbuttau@huffingtonpost.com,335-623-9239
5392,Moore,McRitchie,Male,mmcritchieav@time.com,438-474-6419
5393,Eamon,Verrillo,Male,everrilloaw@google.es,955-301-6984
5394,Parke,Hazleton,Male,phazletonax@edublogs.org,651-311-5617
5395,Jandy,Lomas,Female,jlomasay@is.gd,538-234-7833
5396,Lynda,Bavister,Female,lbavisteraz@digg.com,671-761-6801
5397,Robinetta,Haddacks,Female,rhaddacksb0@skype.com,876-250-6061
5398,Cornela,Stidworthy,Female,cstidworthyb1@jiathis.com,767-956-0339
5399,Tami,Ivanuschka,Female,tivanuschkab2@is.gd,181-630-0938
5400,Isidora,Satterly,Female,isatterlyb3@photobucket.com,951-922-6361
5401,Jami,Cottage,Female,jcottageb4@rediff.com,352-686-0264
5402,Enrica,MacLennan,Female,emaclennanb5@typepad.com,935-771-2832
5403,Tamar,Wishkar,Female,twishkarb6@wikia.com,515-935-6182
5404,Rebeka,Southwood,Female,rsouthwoodb7@google.de,362-407-3681
5405,Nevins,Rounsefell,Male,nrounsefellb8@imageshack.us,705-560-7932
5406,Sibby,Armitage,Female,sarmitageb9@barnesandnoble.com,508-365-6179
5407,Charil,Montier,Female,cmontierba@wikispaces.com,662-815-9968
5408,Nickey,Decroix,Male,ndecroixbb@techcrunch.com,249-968-4012
5409,Alasteir,Gehrels,Male,agehrelsbc@linkedin.com,941-540-3982
5410,Elnora,Gabites,Female,egabitesbd@live.com,614-937-4809
5411,Augie,Chaundy,Male,achaundybe@purevolume.com,778-789-0246
5412,Diandra,Snowding,Female,dsnowdingbf@noaa.gov,563-286-2352
5413,Brit,Sorey,Male,bsoreybg@nba.com,513-199-6788
5414,Mabel,Leith-Harvey,Female,mleithharveybh@livejournal.com,973-417-9163
5415,Mignon,Fairham,Female,mfairhambi@vinaora.com,920-653-3810
5416,Cornall,Dennis,Male,cdennisbj@mapy.cz,178-914-5393
5417,Forster,Baccus,Male,fbaccusbk@illinois.edu,579-614-9683
5418,Jarib,Denis,Male,jdenisbl@seesaa.net,563-140-3547
5419,Camellia,Poulett,Female,cpoulettbm@omniture.com,181-231-4867
5420,Woodie,Teasell,Male,wteasellbn@51.la,306-331-7552
5421,Niven,Stoffel,Male,nstoffelbo@topsy.com,486-558-6914
5422,Berty,Laurant,Female,blaurantbp@tinypic.com,603-345-1588
5423,Brier,Geffcock,Female,bgeffcockbq@ebay.co.uk,781-212-9913
5424,Beulah,Conman,Female,bconmanbr@ihg.com,776-310-9613
5425,Joceline,Brewster,Polygender,jbrewsterbs@walmart.com,197-584-4060
5426,Odell,Mary,Genderqueer,omarybt@fda.gov,688-115-2679
5427,Calli,Guidera,Female,cguiderabu@furl.net,853-296-1202
5428,Paulina,Dixcee,Female,pdixceebv@trellian.com,327-341-1827
5429,Tarrah,Holtham,Bigender,tholthambw@un.org,284-882-8499
5430,Shannan,Crassweller,Male,scrasswellerbx@hugedomains.com,679-418-1729
5431,Elise,Brownsall,Polygender,ebrownsallby@tiny.cc,630-352-9324
5432,Martyn,Kunz,Male,mkunzbz@hostgator.com,266-181-3784
5433,Trixie,Swainston,Female,tswainstonc0@a8.net,979-245-6411
5434,Donni,Testo,Female,dtestoc1@blogs.com,530-882-2724
5435,Gaven,Chaney,Male,gchaneyc2@google.com.br,619-451-7220
5436,Mariejeanne,Giorgini,Female,mgiorginic3@tuttocitta.it,609-470-6360
5437,Therese,Coulthard,Female,tcoulthardc4@comsenz.com,193-631-3899
5438,Niels,Hanselmann,Male,nhanselmannc5@so-net.ne.jp,495-390-4222
5439,Chiquia,Balma,Female,cbalmac6@flavors.me,155-739-4536
5440,Virginie,Wagon,Female,vwagonc7@alibaba.com,320-342-6534
5441,Aprilette,Patington,Female,apatingtonc8@homestead.com,199-750-5624
5442,Brock,Dillet,Polygender,bdilletc9@newsvine.com,850-622-5187
5443,Bendick,Swansbury,Male,bswansburyca@cdbaby.com,884-866-6169
5444,Tibold,Schuchmacher,Male,tschuchmachercb@quantcast.com,354-960-1109
5445,Roz,Holwell,Female,rholwellcc@infoseek.co.jp,990-445-4889
5446,Alleyn,Wilstead,Male,awilsteadcd@mozilla.com,837-158-4850
5447,Renell,Leathe,Genderfluid,rleathece@ifeng.com,928-830-0719
5448,Anna-diane,Abbitt,Female,aabbittcf@nps.gov,661-756-2452
5449,Vonny,Gisbey,Female,vgisbeycg@illinois.edu,303-191-2571
5450,Tommy,Luther,Female,tlutherch@comcast.net,197-151-2620
5451,Kalina,Stiffkins,Female,kstiffkinsci@cnbc.com,712-472-7622
5452,Olenolin,Fiorentino,Genderfluid,ofiorentinocj@omniture.com,120-495-2930
5453,Way,Beade,Male,wbeadeck@mozilla.org,289-398-4482
5454,Hi,Solloway,Male,hsollowaycl@phoca.cz,953-373-2634
5455,Far,MacMarcuis,Agender,fmacmarcuiscm@facebook.com,456-151-4307
5456,Mikel,Mell,Male,mmellcn@seattletimes.com,691-997-0379
5457,Evonne,Conerding,Female,econerdingco@51.la,682-839-8631
5458,Marius,Bernetti,Male,mbernetticp@auda.org.au,202-679-2631
5459,Babbie,Catchpole,Female,bcatchpolecq@comsenz.com,984-700-8107
5460,Keven,Dowrey,Male,kdowreycr@google.cn,764-268-1651
5461,Udell,Magill,Male,umagillcs@washingtonpost.com,164-238-0356
5462,Deeyn,Winterburn,Non-binary,dwinterburnct@howstuffworks.com,284-502-1463
5463,Consalve,Jeanesson,Genderfluid,cjeanessoncu@plala.or.jp,939-292-4881
5464,Adam,Portail,Male,aportailcv@163.com,400-905-2786
5465,Beverlie,Hixson,Female,bhixsoncw@bbc.co.uk,231-399-7210
5466,Jillene,Cowan,Female,jcowancx@salon.com,988-566-3919
5467,Hewitt,Stowers,Male,hstowerscy@jalbum.net,611-860-9609
5468,Codie,Lupson,Male,clupsoncz@qq.com,756-803-6288
5469,Carine,Fisby,Female,cfisbyd0@so-net.ne.jp,179-771-9853
5470,Adrianna,Barkas,Female,abarkasd1@goodreads.com,299-340-7861
5471,Brenda,Stothard,Female,bstothardd2@usda.gov,369-888-3132
5472,Graehme,Jee,Male,gjeed3@shop-pro.jp,213-125-4077
5473,Halie,Chardin,Polygender,hchardind4@stanford.edu,760-385-0650
5474,Archaimbaud,Stovine,Genderfluid,astovined5@networkadvertising.org,601-919-5732
5475,Thia,McNeilly,Female,tmcneillyd6@bravesites.com,582-551-9281
5476,Casi,Lippitt,Bigender,clippittd7@uol.com.br,785-823-5461
5477,Jenn,Eagleston,Female,jeaglestond8@vk.com,913-610-6976
5478,Meggi,O'Hingerty,Female,mohingertyd9@github.com,677-672-5799
5479,Adolphus,Schonfelder,Male,aschonfelderda@wix.com,689-198-8793
5480,Ruy,Baterip,Male,rbateripdb@purevolume.com,190-784-3067
5481,Vinson,Sorensen,Male,vsorensendc@example.com,232-870-2491
5482,Philippe,Diggens,Female,pdiggensdd@sphinn.com,418-399-1240
5483,Mady,Brimfield,Female,mbrimfieldde@360.cn,953-307-3849
5484,Pegeen,Bangham,Genderqueer,pbanghamdf@tripadvisor.com,775-346-4990
5485,Dunn,Rakestraw,Male,drakestrawdg@cafepress.com,283-554-3715
5486,Martyn,Munson,Male,mmunsondh@china.com.cn,793-861-3407
5487,Zaria,Dorwood,Female,zdorwooddi@e-recht24.de,180-194-7847
5488,Lorry,Buckenham,Male,lbuckenhamdj@eventbrite.com,395-130-9998
5489,Lynne,Ortet,Female,lortetdk@ovh.net,482-224-7203
5490,Skippy,Yurkiewicz,Male,syurkiewiczdl@sitemeter.com,549-453-2918
5491,Alicia,Sunter,Female,asunterdm@163.com,363-154-4312
5492,Vick,Geffinger,Male,vgeffingerdn@boston.com,229-592-8009
5493,Derrick,Elbourn,Male,delbourndo@marriott.com,737-990-7532
5494,Aleda,Dominique,Female,adominiquedp@shop-pro.jp,418-451-0720
5495,Debera,Ivanyutin,Genderqueer,divanyutindq@plala.or.jp,916-210-6173
5496,Kirstin,Grinyakin,Female,kgrinyakindr@unc.edu,828-711-0882
5497,Haywood,Rumbold,Male,hrumboldds@liveinternet.ru,293-764-4418
5498,Karalynn,Lambkin,Female,klambkindt@ebay.com,928-568-1974
5499,Kessiah,Tynemouth,Agender,ktynemouthdu@ning.com,690-215-8097
5500,Carmela,Kaubisch,Female,ckaubischdv@wikia.com,307-726-6526
